title,levelRaw,url
#FairyJoke #SDVX_Edit,17.0,https://sdvxindex.com/s/0437/3/
↑↑↓↓←→←→BA,17.0,https://sdvxindex.com/s/1821/5/
2 Beasts Unchained,17.0,https://sdvxindex.com/s/1847/3/
444,17.0,https://sdvxindex.com/s/1010/5/
777,17.0,https://sdvxindex.com/s/1734/3/
9TH5IN,17.0,https://sdvxindex.com/s/1583/3/
Absurd Gaff (Metallize Remix),17.0,https://sdvxindex.com/s/1997/3/
Adrenaline Rush,17.0,https://sdvxindex.com/s/1409/5/
Aerial Skydive,17.0,https://sdvxindex.com/s/1984/5/
akasha-assembly,17.0,https://sdvxindex.com/s/0867/3/
All We Need is HAPPY END!!!,17.0,https://sdvxindex.com/s/1940/3/
ANGER of the GOD,17.0,https://sdvxindex.com/s/1542/3/
ANTI THE∞HOLiC,17.0,https://sdvxindex.com/s/0833/3/
Apex of the World,17.0,https://sdvxindex.com/s/0801/3/
Appliqué,17.0,https://sdvxindex.com/s/0548/4/
Arcade Prison,17.0,https://sdvxindex.com/s/0978/5/
AXION,17.0,https://sdvxindex.com/s/1476/5/
AYAKASHI,17.0,https://sdvxindex.com/s/0546/3/
B.B.K.K.B.K.K.,17.0,https://sdvxindex.com/s/0842/3/
B.B.K.K.B.K.K. (影虎。 & siqlo PsyRemix),17.0,https://sdvxindex.com/s/2211/5/
Berry Go!!,17.0,https://sdvxindex.com/s/1869/5/
bistro twins☆☆☆,17.0,https://sdvxindex.com/s/1304/5/
Borealis,17.0,https://sdvxindex.com/s/0581/3/
Breakneck Pursuit,17.0,https://sdvxindex.com/s/2040/3/
Bye or not,17.0,https://sdvxindex.com/s/1416/5/
CARNIVOROUS,17.0,https://sdvxindex.com/s/1161/5/
Chakra,17.0,https://sdvxindex.com/s/1700/5/
charm♡you,17.0,https://sdvxindex.com/s/1687/5/
Chewingood!!!,17.0,https://sdvxindex.com/s/1737/5/
Chrono Diver -PENDULUMs-,17.0,https://sdvxindex.com/s/1260/3/
Chronomia,17.0,https://sdvxindex.com/s/1659/3/
Coldlapse,17.0,https://sdvxindex.com/s/1208/5/
cross the future,17.0,https://sdvxindex.com/s/0802/3/
Cuz we <3 this Game,17.0,https://sdvxindex.com/s/2150/3/
D1g1t1ze b0dy,17.0,https://sdvxindex.com/s/1413/5/
Dawn of Asia(Alkome Remix),17.0,https://sdvxindex.com/s/1998/5/
Decoy,17.0,https://sdvxindex.com/s/1139/5/
Destruction & Qreation,17.0,https://sdvxindex.com/s/1041/5/
DEUX EX MĀXHINĀ,17.0,https://sdvxindex.com/s/1939/3/
Discloze,17.0,https://sdvxindex.com/s/0587/3/
DO-IT-AMA-SITE!!!,17.0,https://sdvxindex.com/s/1552/4/
Dreaming feat. nomico,17.0,https://sdvxindex.com/s/0782/5/
Drizzly Venom,17.0,https://sdvxindex.com/s/1112/5/
EGOISM -Rebuild-,17.0,https://sdvxindex.com/s/1518/5/
Element of SPADA,17.0,https://sdvxindex.com/s/1966/5/
Elemental Creation,17.0,https://sdvxindex.com/s/1316/3/
EncorE & cALL,17.0,https://sdvxindex.com/s/1768/3/
Flip Flap,17.0,https://sdvxindex.com/s/1853/5/
Follow Tomorrow,17.0,https://sdvxindex.com/s/1965/5/
For.*tune,17.0,https://sdvxindex.com/s/1932/5/
Four Leaves,17.0,https://sdvxindex.com/s/0969/5/
Game Over,17.0,https://sdvxindex.com/s/1045/5/
Gate of Atlantis (Vocal ∞ Mix),17.0,https://sdvxindex.com/s/2003/5/
Grip & Break down !! - SDVX Edit. -,17.0,https://sdvxindex.com/s/0088/4/
Harmonia,17.0,https://sdvxindex.com/s/1504/5/
"Help me, ERINNNNNN!! #幻想郷ホロイズムver.",17.0,https://sdvxindex.com/s/1758/5/
I'm Your Treasure Box ＊あなたは マリンせんちょうを たからばこからみつけた。,17.0,https://sdvxindex.com/s/2195/5/
Idola,17.0,https://sdvxindex.com/s/0444/3/
INDEPENDENT SKY,17.0,https://sdvxindex.com/s/0625/4/
INFINITY OVERDRIVE,17.0,https://sdvxindex.com/s/0267/4/
Inscape,17.0,https://sdvxindex.com/s/1017/5/
Invisible Bullets,17.0,https://sdvxindex.com/s/1231/5/
JULIAN,17.0,https://sdvxindex.com/s/0954/5/
Last Battalion,17.0,https://sdvxindex.com/s/0357/4/
Last Resort,17.0,https://sdvxindex.com/s/1177/3/
Lisa-RICCIA,17.0,https://sdvxindex.com/s/1639/3/
Lost Emotion feat. nomico,17.0,https://sdvxindex.com/s/2032/5/
Lovesick Lovetune(brz_style),17.0,https://sdvxindex.com/s/2026/5/
LUCKY CAT,17.0,https://sdvxindex.com/s/1818/5/
Melty Sweets,17.0,https://sdvxindex.com/s/1217/5/
Mist In Hell,17.0,https://sdvxindex.com/s/0414/3/
neko＊neko,17.0,https://sdvxindex.com/s/0774/4/
odds and ends,17.0,https://sdvxindex.com/s/0372/4/
Oriens,17.0,https://sdvxindex.com/s/1134/5/
Phlox,17.0,https://sdvxindex.com/s/1171/5/
Pixelated Platform,17.0,https://sdvxindex.com/s/1412/5/
PLANISPHERE,17.0,https://sdvxindex.com/s/1838/5/
PRESERVED VAMPIRE,17.0,https://sdvxindex.com/s/1816/5/
"Profession (αirlemoneX ""Mechanical Engineering"" Remix)",17.0,https://sdvxindex.com/s/2024/5/
QQ,17.0,https://sdvxindex.com/s/2062/3/
Rebuilding of Paradise Lost,17.0,https://sdvxindex.com/s/0877/5/
REINCARNATION,17.0,https://sdvxindex.com/s/2180/3/
Resonant Gear,17.0,https://sdvxindex.com/s/1855/5/
Reverenced Flower,17.0,https://sdvxindex.com/s/1765/3/
Sadistic Stabbing,17.0,https://sdvxindex.com/s/0991/5/
Say!ファンファーレ!,17.0,https://sdvxindex.com/s/2069/5/
Second Game,17.0,https://sdvxindex.com/s/1937/5/
Secret Traveler -MeniRemix-,17.0,https://sdvxindex.com/s/1254/5/
Sephirot,17.0,https://sdvxindex.com/s/0920/4/
Sleepless days,17.0,https://sdvxindex.com/s/1283/5/
Smoked Turkey Rag,17.0,https://sdvxindex.com/s/1015/5/
SOUL EXPLOSION,17.0,https://sdvxindex.com/s/0064/4/
sparky spark,17.0,https://sdvxindex.com/s/1842/5/
Splash Underwater,17.0,https://sdvxindex.com/s/1793/5/
Staring at star,17.0,https://sdvxindex.com/s/1102/3/
Still Lonesome,17.0,https://sdvxindex.com/s/1616/5/
SUPER BUBBLE JOURNEY,17.0,https://sdvxindex.com/s/1203/5/
Synergy For Angels,17.0,https://sdvxindex.com/s/1323/5/
Technical Master,17.0,https://sdvxindex.com/s/1081/5/
The Clown of 24stairs,17.0,https://sdvxindex.com/s/1681/3/
The setting sun,17.0,https://sdvxindex.com/s/0550/3/
Timepiece phase Ⅱ,17.0,https://sdvxindex.com/s/2188/3/
toy boxer,17.0,https://sdvxindex.com/s/1484/5/
Trill auf G,17.0,https://sdvxindex.com/s/1482/3/
Triple Counter,17.0,https://sdvxindex.com/s/0922/3/
Twin Rocket,17.0,https://sdvxindex.com/s/0538/3/
TYCOON,17.0,https://sdvxindex.com/s/0039/4/
UROBØROS,17.0,https://sdvxindex.com/s/0798/3/
Virtual to LIVE,17.0,https://sdvxindex.com/s/2066/5/
Voice 2 Voice n Voice,17.0,https://sdvxindex.com/s/2015/5/
VOLAQUAS,17.0,https://sdvxindex.com/s/1910/3/
voltississimo,17.0,https://sdvxindex.com/s/1483/3/
WobbleTangleFestival (影虎。 & ikaruga_nex's HDM RMX),17.0,https://sdvxindex.com/s/2008/5/
WWW,17.0,https://sdvxindex.com/s/2029/5/
Xibercannon,17.0,https://sdvxindex.com/s/1047/5/
Xymatic Scope,17.0,https://sdvxindex.com/s/1707/5/
XΛLT=ØVER,17.0,https://sdvxindex.com/s/2158/3/
You Only Live Twice,17.0,https://sdvxindex.com/s/2095/5/
アルファ・スカイ,17.0,https://sdvxindex.com/s/1928/5/
アンハッピーリフレイン,17.0,https://sdvxindex.com/s/1068/5/
イカサマライフゲイム,17.0,https://sdvxindex.com/s/0079/4/
インビジブル,17.0,https://sdvxindex.com/s/0946/5/
ヴァンパイア,17.0,https://sdvxindex.com/s/1917/5/
おちゃめ機能,17.0,https://sdvxindex.com/s/1882/5/
おどりましょうよ！ドラゴンさん ～転生したらゲーム曲でした～,17.0,https://sdvxindex.com/s/1595/5/
おにいちゃんグリッチホップ ～eternal love remix～,17.0,https://sdvxindex.com/s/2007/5/
おにいちゃんハイテック,17.0,https://sdvxindex.com/s/1039/5/
おにけもだんす,17.0,https://sdvxindex.com/s/2072/5/
オリガミカル・スウィートラヴ,17.0,https://sdvxindex.com/s/1830/5/
オンディーヌの泪,17.0,https://sdvxindex.com/s/0983/5/
カミサマ・ネコサマ,17.0,https://sdvxindex.com/s/2165/5/
キャプテン・マリンのケツアンカー,17.0,https://sdvxindex.com/s/1754/5/
きらきらタイム☆,17.0,https://sdvxindex.com/s/0535/3/
キリカ,17.0,https://sdvxindex.com/s/1871/5/
クレイジークレイジーダンサーズ,17.0,https://sdvxindex.com/s/1286/5/
コントレイル,17.0,https://sdvxindex.com/s/2068/5/
じもとっこスイーツ♪,17.0,https://sdvxindex.com/s/2218/5/
シュレーディンガーの猫,17.0,https://sdvxindex.com/s/2168/3/
スーパー戦湯ババンバーン,17.0,https://sdvxindex.com/s/1805/5/
ステラレギア,17.0,https://sdvxindex.com/s/1875/5/
セイシュンライナー,17.0,https://sdvxindex.com/s/1129/5/
ちょえちょえまぎか,17.0,https://sdvxindex.com/s/2162/5/
チョコレートスマイル,17.0,https://sdvxindex.com/s/2217/5/
デュアルメモリ,17.0,https://sdvxindex.com/s/1020/5/
デンデラパーティーナイト,17.0,https://sdvxindex.com/s/1817/5/
トーキョーサマーナイト（華金Remix）,17.0,https://sdvxindex.com/s/1990/5/
トランスダンスアナーキー,17.0,https://sdvxindex.com/s/1653/5/
バイナリスター,17.0,https://sdvxindex.com/s/0923/4/
ハレ トキドキ メランコリック,17.0,https://sdvxindex.com/s/1543/5/
ヒトガタ,17.0,https://sdvxindex.com/s/1739/5/
ヒバナ-Reloaded-,17.0,https://sdvxindex.com/s/2030/5/
ヒミツダイヤル,17.0,https://sdvxindex.com/s/0951/4/
フェアリーテイル・ラヴァーズ,17.0,https://sdvxindex.com/s/1698/5/
フォニイ,17.0,https://sdvxindex.com/s/1962/5/
ベビーステップ,17.0,https://sdvxindex.com/s/1428/5/
ポジティブ☆ダンスタイム,17.0,https://sdvxindex.com/s/2074/5/
ポラリスノウタ,17.0,https://sdvxindex.com/s/2076/5/
ボルテ体操第一,17.0,https://sdvxindex.com/s/0348/3/
マネマネサイコトロピック,17.0,https://sdvxindex.com/s/0323/4/
みたらしプラトニック (feat. nicamoq),17.0,https://sdvxindex.com/s/1826/5/
メテオライツ・プレリュード,17.0,https://sdvxindex.com/s/1796/5/
メンタンピンドラドラ,17.0,https://sdvxindex.com/s/1834/5/
もぐもぐYUMMY！,17.0,https://sdvxindex.com/s/2166/5/
ロキ,17.0,https://sdvxindex.com/s/1469/5/
ロマンシングエスケープ,17.0,https://sdvxindex.com/s/2219/5/
悪戯センセーション,17.0,https://sdvxindex.com/s/1441/5/
運命超過乃巡合,17.0,https://sdvxindex.com/s/1730/5/
炎夏の音,17.0,https://sdvxindex.com/s/1126/5/
焔 -MAGMA-,17.0,https://sdvxindex.com/s/0960/5/
焔華,17.0,https://sdvxindex.com/s/2187/5/
革命パッショネイト,17.0,https://sdvxindex.com/s/1426/5/
機械仕掛けの魔法使い,17.0,https://sdvxindex.com/s/1933/5/
逆月,17.0,https://sdvxindex.com/s/1329/3/
響く静寂,17.0,https://sdvxindex.com/s/1726/5/
君は Fantasista,17.0,https://sdvxindex.com/s/1303/5/
月下の舞兎祭,17.0,https://sdvxindex.com/s/1720/5/
月明りの旅人たち,17.0,https://sdvxindex.com/s/2156/5/
見世物ライフ,17.0,https://sdvxindex.com/s/0933/5/
幻想系世界修復少女,17.0,https://sdvxindex.com/s/0442/4/
孤月群雲に沈む,17.0,https://sdvxindex.com/s/1572/4/
孤独のドロップハンター,17.0,https://sdvxindex.com/s/2106/5/
轟け！恋のビーンボール！！,17.0,https://sdvxindex.com/s/0390/3/
黒紅掬い,17.0,https://sdvxindex.com/s/2057/5/
祭囃子,17.0,https://sdvxindex.com/s/1417/5/
残像ニ繋ガレタ追憶ノHIDEAWAY,17.0,https://sdvxindex.com/s/2184/5/
失敗作少女,17.0,https://sdvxindex.com/s/0938/5/
邪魔をしないで,17.0,https://sdvxindex.com/s/2101/5/
十面相,17.0,https://sdvxindex.com/s/0105/4/
神っぽいな,17.0,https://sdvxindex.com/s/1867/5/
人生リセットボタン,17.0,https://sdvxindex.com/s/0107/4/
水槽のクジラ,17.0,https://sdvxindex.com/s/0966/5/
星の詩,17.0,https://sdvxindex.com/s/1596/5/
星座が恋した瞬間を。,17.0,https://sdvxindex.com/s/1262/5/
全力ハッピーライフ,17.0,https://sdvxindex.com/s/1297/5/
待チ人ハ来ズ。,17.0,https://sdvxindex.com/s/0182/4/
大宇宙ステージ,17.0,https://sdvxindex.com/s/0116/3/
地球最後の告白を,17.0,https://sdvxindex.com/s/0111/4/
竹取飛翔,17.0,https://sdvxindex.com/s/0426/4/
天ノ弱,17.0,https://sdvxindex.com/s/0056/4/
曇天羊,17.0,https://sdvxindex.com/s/2173/5/
廃獄ドリームランド,17.0,https://sdvxindex.com/s/1090/5/
梅雪夜,17.0,https://sdvxindex.com/s/2053/5/
美少女無罪♡パイレーツ,17.0,https://sdvxindex.com/s/2196/5/
片翼のディザイア,17.0,https://sdvxindex.com/s/1255/5/
放課後ストライド,17.0,https://sdvxindex.com/s/0322/4/
鳳凰誓歌,17.0,https://sdvxindex.com/s/2100/5/
夢の終わり、世界のはじまり。,17.0,https://sdvxindex.com/s/1840/5/
無意識レクイエム,17.0,https://sdvxindex.com/s/2033/5/
無双,17.0,https://sdvxindex.com/s/0683/3/
木洩れ日に咲く,17.0,https://sdvxindex.com/s/1716/5/
門門しましょ,17.0,https://sdvxindex.com/s/1650/5/
零次元エクスプレス,17.0,https://sdvxindex.com/s/1287/5/
凛として咲く花の如く,17.0,https://sdvxindex.com/s/1905/5/
朧,17.0,https://sdvxindex.com/s/2073/5/
蟲の棲む処,17.0,https://sdvxindex.com/s/1173/5/
β,17.0,https://sdvxindex.com/s/1137/5/
θコトノハθカプセルθ,17.0,https://sdvxindex.com/s/1498/3/
ΩBIRD,17.0,https://sdvxindex.com/s/1440/5/
ЯegreT of MemoRy,17.0,https://sdvxindex.com/s/1381/5/
[ ]DENTITY,17.5,https://sdvxindex.com/s/1908/3/
†:OLPHEUX:†,17.5,https://sdvxindex.com/s/1591/3/
０=Xerostrumental=,17.5,https://sdvxindex.com/s/0832/3/
2 MINUTES FIGHTERS,17.5,https://sdvxindex.com/s/0633/3/
3y3s (JMBS FUNKOT RMX),17.5,https://sdvxindex.com/s/0880/5/
A Lasting Promise,17.5,https://sdvxindex.com/s/1178/3/
AA BlackY mix,17.5,https://sdvxindex.com/s/0101/4/
ALBIDA Powerless Mix,17.5,https://sdvxindex.com/s/0001/4/
Aliquam,17.5,https://sdvxindex.com/s/0638/3/
All Clear!!,17.5,https://sdvxindex.com/s/1147/5/
Altale,17.5,https://sdvxindex.com/s/1109/5/
Another Chapter,17.5,https://sdvxindex.com/s/1279/5/
Aragami,17.5,https://sdvxindex.com/s/0834/5/
Backflow,17.5,https://sdvxindex.com/s/0641/3/
BAYONEX,17.5,https://sdvxindex.com/s/1764/3/
BEAT-NEW-WORLD,17.5,https://sdvxindex.com/s/0675/3/
Believe (y)our Wings {GRA5P WAVES},17.5,https://sdvxindex.com/s/1423/5/
Believe (y)our Wings {V:IVID RAYS},17.5,https://sdvxindex.com/s/1422/5/
Bioslaves,17.5,https://sdvxindex.com/s/1617/5/
BLACK JACKAL,17.5,https://sdvxindex.com/s/1489/5/
BLAZE∞BREEZE,17.5,https://sdvxindex.com/s/1622/5/
Blue Stream,17.5,https://sdvxindex.com/s/1205/5/
Booths of Fighters,17.5,https://sdvxindex.com/s/0229/3/
Calamity Tempest,17.5,https://sdvxindex.com/s/1662/3/
Candy Colored Hearts,17.5,https://sdvxindex.com/s/0787/3/
Carry Me Away,17.5,https://sdvxindex.com/s/0986/5/
Chocolate Parade,17.5,https://sdvxindex.com/s/1405/5/
Chocolate Planet,17.5,https://sdvxindex.com/s/0967/5/
CODE -CRiMSON-,17.5,https://sdvxindex.com/s/0542/3/
Colorless feat.ももかみ,17.5,https://sdvxindex.com/s/1296/5/
conflict,17.5,https://sdvxindex.com/s/0779/3/
continew,17.5,https://sdvxindex.com/s/0649/3/
CRITICAL LINE,17.5,https://sdvxindex.com/s/0630/3/
Cross Fire,17.5,https://sdvxindex.com/s/1363/3/
CUTIE☆EX-DREAM,17.5,https://sdvxindex.com/s/0537/3/
Cy-Bird,17.5,https://sdvxindex.com/s/1141/5/
Daisycutter,17.5,https://sdvxindex.com/s/1663/3/
Dark Matter,17.5,https://sdvxindex.com/s/1194/5/
Deadly Dolly Dance,17.5,https://sdvxindex.com/s/0733/3/
Decretum,17.5,https://sdvxindex.com/s/0329/3/
Destroy,17.5,https://sdvxindex.com/s/0900/4/
Dharma,17.5,https://sdvxindex.com/s/0962/5/
DIABLOSIS::Nāga,17.5,https://sdvxindex.com/s/0914/3/
Distorted Floor,17.5,https://sdvxindex.com/s/0070/4/
Dualive,17.5,https://sdvxindex.com/s/0873/3/
Dynasty,17.5,https://sdvxindex.com/s/0123/4/
Dyscontrolled Galaxy,17.5,https://sdvxindex.com/s/1103/3/
EBONY & IVORY,17.5,https://sdvxindex.com/s/0681/3/
EGG,17.5,https://sdvxindex.com/s/0115/4/
Emperor's Divide,17.5,https://sdvxindex.com/s/0792/3/
Empty Backdoor,17.5,https://sdvxindex.com/s/1749/5/
ENDYMION,17.5,https://sdvxindex.com/s/1547/3/
Enigma,17.5,https://sdvxindex.com/s/0804/3/
Enigma II,17.5,https://sdvxindex.com/s/1375/5/
Erlung,17.5,https://sdvxindex.com/s/0375/4/
Everlasting Message,17.5,https://sdvxindex.com/s/0636/3/
F.K.S.,17.5,https://sdvxindex.com/s/0529/3/
False Cross,17.5,https://sdvxindex.com/s/0623/3/
Far Away,17.5,https://sdvxindex.com/s/1142/5/
Fiat Lux,17.5,https://sdvxindex.com/s/0342/3/
FIRE FIRE -DARK BLAZE REMIX-,17.5,https://sdvxindex.com/s/0498/3/
Fire Strike,17.5,https://sdvxindex.com/s/0068/4/
FLOOR INFECTION Medley from SOUND VOLTEX×jubeat,17.5,https://sdvxindex.com/s/1059/3/
Four Leaves (Whitelily. remix),17.5,https://sdvxindex.com/s/1991/5/
freaky freak,17.5,https://sdvxindex.com/s/0071/4/
FREEDOM DiVE,17.5,https://sdvxindex.com/s/1136/3/
FUJIMORI -祭- FESTIVAL,17.5,https://sdvxindex.com/s/1986/5/
Fun walk!!,17.5,https://sdvxindex.com/s/1729/5/
GEROL (Yooh Remix),17.5,https://sdvxindex.com/s/2005/5/
Ghost Family Living In Graveyard,17.5,https://sdvxindex.com/s/1467/3/
gigadelic(m3rkAb4# R3m!x),17.5,https://sdvxindex.com/s/0501/3/
good high school,17.5,https://sdvxindex.com/s/0007/4/
Gott,17.5,https://sdvxindex.com/s/0125/4/
Grand Chariot,17.5,https://sdvxindex.com/s/0918/4/
Guinevere～白き妖精～,17.5,https://sdvxindex.com/s/1972/3/
HAELEQUIN,17.5,https://sdvxindex.com/s/0269/3/
Halcyon,17.5,https://sdvxindex.com/s/0836/3/
Harpuia,17.5,https://sdvxindex.com/s/0362/3/
HE4VEN ～天国へようこそ～,17.5,https://sdvxindex.com/s/1028/3/
Heavenly Adventure,17.5,https://sdvxindex.com/s/0968/5/
Hellfire,17.5,https://sdvxindex.com/s/0364/3/
"Help me, ERINNNNNN!! -Cranky remix-",17.5,https://sdvxindex.com/s/0848/3/
Hexennacht,17.5,https://sdvxindex.com/s/1556/4/
Hopscotch,17.5,https://sdvxindex.com/s/2104/5/
Hoshizora Illumination,17.5,https://sdvxindex.com/s/0370/4/
HYENA,17.5,https://sdvxindex.com/s/0381/3/
If,17.5,https://sdvxindex.com/s/1021/5/
iLLness LiLin,17.5,https://sdvxindex.com/s/1036/3/
Impress(siqlo's Hi-Tech Veats),17.5,https://sdvxindex.com/s/1524/5/
Innocent Floor,17.5,https://sdvxindex.com/s/0606/3/
Innocent Tempest,17.5,https://sdvxindex.com/s/0339/3/
Into The Madness,17.5,https://sdvxindex.com/s/1420/5/
Iridescent Clouds,17.5,https://sdvxindex.com/s/1184/5/
IX,17.5,https://sdvxindex.com/s/0393/3/
JACK -the KING Ki11ing-,17.5,https://sdvxindex.com/s/2086/3/
Jetcoaster Windy,17.5,https://sdvxindex.com/s/1633/5/
JOMANDA,17.5,https://sdvxindex.com/s/0939/3/
Joyeuse,17.5,https://sdvxindex.com/s/0247/3/
Junk Mania,17.5,https://sdvxindex.com/s/0992/5/
KAC 2012 ULTIMATE MEDLEY -HISTORIA SOUND VOLTEX-,17.5,https://sdvxindex.com/s/0661/3/
KiLLeR MeRMaiD,17.5,https://sdvxindex.com/s/0408/3/
Lancelot ～Flame of the Rebellion～,17.5,https://sdvxindex.com/s/1464/3/
Libera me,17.5,https://sdvxindex.com/s/1135/5/
Lichtsäule,17.5,https://sdvxindex.com/s/2177/3/
Line 4 Ruin -kohumix-,17.5,https://sdvxindex.com/s/0885/5/
Little princess has no identity.,17.5,https://sdvxindex.com/s/0420/3/
Lord=Crossight,17.5,https://sdvxindex.com/s/0913/3/
Lost wing at.0,17.5,https://sdvxindex.com/s/1163/5/
LubedeR,17.5,https://sdvxindex.com/s/1593/3/
M-O-R-F-I-N-E,17.5,https://sdvxindex.com/s/1692/5/
Made In Love,17.5,https://sdvxindex.com/s/1269/5/
MARENOL,17.5,https://sdvxindex.com/s/1472/5/
Max Burning!!,17.5,https://sdvxindex.com/s/0126/3/
MAXIVCORD,17.5,https://sdvxindex.com/s/1284/5/
Metamorphobia,17.5,https://sdvxindex.com/s/0953/3/
MilK,17.5,https://sdvxindex.com/s/1540/5/
Nebula Dysorder,17.5,https://sdvxindex.com/s/1970/3/
NEON WORLD,17.5,https://sdvxindex.com/s/0667/3/
Nofram,17.5,https://sdvxindex.com/s/0658/3/
Non RolicK!!大冒険,17.5,https://sdvxindex.com/s/1597/5/
Opium and Purple haze,17.5,https://sdvxindex.com/s/0459/3/
Paradission,17.5,https://sdvxindex.com/s/0907/3/
Parousia,17.5,https://sdvxindex.com/s/0835/3/
perditus†paradisus,17.5,https://sdvxindex.com/s/1906/3/
Pet Peeve,17.5,https://sdvxindex.com/s/0598/3/
Pieces of a Dream,17.5,https://sdvxindex.com/s/0648/3/
PIERROT KNIfE,17.5,https://sdvxindex.com/s/1046/5/
planetarium,17.5,https://sdvxindex.com/s/1157/5/
Poison AND÷OR Affection,17.5,https://sdvxindex.com/s/1061/5/
Pure Evil-Aya2g Drm'n Tech Rmx-,17.5,https://sdvxindex.com/s/0508/3/
Quietus Ray,17.5,https://sdvxindex.com/s/0259/3/
Record one's Dream,17.5,https://sdvxindex.com/s/1223/5/
REGALIA,17.5,https://sdvxindex.com/s/0794/3/
rhythmology study,17.5,https://sdvxindex.com/s/1023/5/
Royal Action,17.5,https://sdvxindex.com/s/0985/5/
Sakura Mirage,17.5,https://sdvxindex.com/s/0479/3/
Sakura Mirage -Drum'n World-,17.5,https://sdvxindex.com/s/0888/5/
Sharkbait,17.5,https://sdvxindex.com/s/1388/5/
sink into the dream,17.5,https://sdvxindex.com/s/0998/5/
smooooch・∀・ KN mix,17.5,https://sdvxindex.com/s/0008/4/
snow storm -euphoria-,17.5,https://sdvxindex.com/s/0214/3/
Space Diver Tama,17.5,https://sdvxindex.com/s/0062/4/
Stleq,17.5,https://sdvxindex.com/s/0640/3/
StrayedCatz,17.5,https://sdvxindex.com/s/0919/4/
Struggle for Revival,17.5,https://sdvxindex.com/s/1792/5/
Sunflower Vibes,17.5,https://sdvxindex.com/s/1404/5/
Superstar!,17.5,https://sdvxindex.com/s/2097/3/
The First Step,17.5,https://sdvxindex.com/s/1621/5/
The setting sun(burst),17.5,https://sdvxindex.com/s/2020/5/
The world of sound,17.5,https://sdvxindex.com/s/0166/3/
THUNDERCRACK,17.5,https://sdvxindex.com/s/0463/3/
TIEFSEE,17.5,https://sdvxindex.com/s/0629/3/
TOXIC VIBRATION,17.5,https://sdvxindex.com/s/0689/3/
Tribal Trial,17.5,https://sdvxindex.com/s/1402/5/
True Blue,17.5,https://sdvxindex.com/s/0324/3/
Twilight ∞ nighT,17.5,https://sdvxindex.com/s/0935/5/
U.N.オーエンは彼女なのか？haru_naba Remix,17.5,https://sdvxindex.com/s/0289/3/
ULTRA B+K,17.5,https://sdvxindex.com/s/1541/5/
V.I.P.,17.5,https://sdvxindex.com/s/0109/3/
Vampire's Territory,17.5,https://sdvxindex.com/s/0580/3/
Verse IV,17.5,https://sdvxindex.com/s/0376/3/
Virtual Bit,17.5,https://sdvxindex.com/s/0837/3/
VIVID DEBUT!,17.5,https://sdvxindex.com/s/1398/5/
What an amazing swing,17.5,https://sdvxindex.com/s/2175/5/
Wheel,17.5,https://sdvxindex.com/s/0139/4/
while (screen is blue),17.5,https://sdvxindex.com/s/1974/3/
Witch in Sweetsland,17.5,https://sdvxindex.com/s/0615/3/
Xb10r,17.5,https://sdvxindex.com/s/1771/3/
Xeno Gravity,17.5,https://sdvxindex.com/s/2151/3/
Xinca,17.5,https://sdvxindex.com/s/2088/3/
Xroniàl Xéro,17.5,https://sdvxindex.com/s/1548/3/
XROSS INFECTION,17.5,https://sdvxindex.com/s/0258/3/
あれこれそれどれ,17.5,https://sdvxindex.com/s/0574/3/
イグジスタンス,17.5,https://sdvxindex.com/s/0470/3/
ウエンレラの氷華,17.5,https://sdvxindex.com/s/0908/4/
エンゲージ〆ント,17.5,https://sdvxindex.com/s/1390/5/
オルターエゴ,17.5,https://sdvxindex.com/s/1657/5/
カミサマネジマキ,17.5,https://sdvxindex.com/s/0108/4/
ゲキツイムラサ,17.5,https://sdvxindex.com/s/0858/3/
ケロ⑨destiny,17.5,https://sdvxindex.com/s/0130/4/
コメット⇒スケイター,17.5,https://sdvxindex.com/s/1281/5/
シープドリーミン,17.5,https://sdvxindex.com/s/1408/5/
シル・ヴ・プレジデント,17.5,https://sdvxindex.com/s/1918/5/
すべてが幻になった後で,17.5,https://sdvxindex.com/s/1895/3/
セツナトリップ,17.5,https://sdvxindex.com/s/0078/4/
それは花火のような恋,17.5,https://sdvxindex.com/s/1162/5/
チクサクコールが懐かしい,17.5,https://sdvxindex.com/s/1798/5/
チルノとまりおのパーフェクトさんすう教室,17.5,https://sdvxindex.com/s/0823/3/
ディスコルディア,17.5,https://sdvxindex.com/s/1736/3/
ナイト・オブ・ナイツ,17.5,https://sdvxindex.com/s/0134/4/
パ→ピ→プ→Yeah!,17.5,https://sdvxindex.com/s/0682/3/
ハガネノツルギ,17.5,https://sdvxindex.com/s/2105/5/
バンブーソード・ガール,17.5,https://sdvxindex.com/s/0443/3/
"ピアノ協奏曲第１番""蠍火""",17.5,https://sdvxindex.com/s/1849/3/
"ピアノ独奏無言歌 ""灰燼""",17.5,https://sdvxindex.com/s/1887/3/
プラネタジャーニー,17.5,https://sdvxindex.com/s/1212/5/
プレインエイジア(MRM REMIX),17.5,https://sdvxindex.com/s/1230/5/
ぼくらの16bit戦争,17.5,https://sdvxindex.com/s/1342/5/
ムーニャポヨポヨスッポコニャーゴ,17.5,https://sdvxindex.com/s/0333/3/
メモリーズ,17.5,https://sdvxindex.com/s/1880/5/
ラブキラ☆スプラッシュ,17.5,https://sdvxindex.com/s/1623/5/
ロンロンへ ライライライ！,17.5,https://sdvxindex.com/s/0684/4/
悪性ロリィタマキャヴェリズム,17.5,https://sdvxindex.com/s/0468/3/
音楽 -resolve-,17.5,https://sdvxindex.com/s/0221/3/
音楽 -壊音楽 mix-,17.5,https://sdvxindex.com/s/0220/3/
夏色DIARY -Summer Dazzlin' Vacation miX-,17.5,https://sdvxindex.com/s/0691/3/
患部で止まってすぐ溶ける ～ 狂気の優曇華院,17.5,https://sdvxindex.com/s/0432/4/
感情の魔天楼 ～ Arr.Demetori,17.5,https://sdvxindex.com/s/0685/3/
鬼天,17.5,https://sdvxindex.com/s/0626/3/
強風オールバック,17.5,https://sdvxindex.com/s/2213/5/
金縛りの逢を,17.5,https://sdvxindex.com/s/0151/3/
紅の剣舞,17.5,https://sdvxindex.com/s/0547/3/
黒髪乱れし修羅となりて～凛 edition～,17.5,https://sdvxindex.com/s/0847/3/
細氷,17.5,https://sdvxindex.com/s/1973/3/
少年は空を辿る Prog Piano Remix,17.5,https://sdvxindex.com/s/0223/4/
常夏！！クリスタライズ・シャーベット,17.5,https://sdvxindex.com/s/0722/3/
色を喪った街,17.5,https://sdvxindex.com/s/1581/3/
人マニア,17.5,https://sdvxindex.com/s/2214/5/
雪月花 -さわわRemix-,17.5,https://sdvxindex.com/s/0876/3/
雪女,17.5,https://sdvxindex.com/s/0341/4/
遷,17.5,https://sdvxindex.com/s/1559/4/
打打打打打打打打打打,17.5,https://sdvxindex.com/s/0553/4/
濁色踊るオートマタ,17.5,https://sdvxindex.com/s/1604/5/
竹,17.5,https://sdvxindex.com/s/1812/3/
超☆超☆光☆速☆出☆前☆最☆速!!! スピード★スター★かなで,17.5,https://sdvxindex.com/s/1038/3/
超越してしまった彼女と其を生み落した理由,17.5,https://sdvxindex.com/s/0365/3/
熱情のサパデアード,17.5,https://sdvxindex.com/s/1425/5/
卑弥呼,17.5,https://sdvxindex.com/s/1612/3/
暴走,17.5,https://sdvxindex.com/s/0696/3/
僕らの時間,17.5,https://sdvxindex.com/s/1183/5/
無気力クーデター,17.5,https://sdvxindex.com/s/0465/3/
量子の海のリントヴルム,17.5,https://sdvxindex.com/s/0680/3/
恋愛＝精度×認識力,17.5,https://sdvxindex.com/s/1978/3/
黎明スケッチブック,17.5,https://sdvxindex.com/s/0993/5/
ΕΛΠΙΣ,17.5,https://sdvxindex.com/s/0699/3/
ЯeviveR,17.5,https://sdvxindex.com/s/1582/3/
€omet popcorn,18.0,https://sdvxindex.com/s/1562/4/
Akzeriyyuth,18.0,https://sdvxindex.com/s/1218/5/
Barbless Ego,18.0,https://sdvxindex.com/s/1345/4/
Bigbang Faker,18.0,https://sdvxindex.com/s/1705/5/
BLAZING_LAZER,18.0,https://sdvxindex.com/s/1199/5/
Breakin' Asia,18.0,https://sdvxindex.com/s/1239/5/
Corrupting Wonderland,18.0,https://sdvxindex.com/s/1783/5/
DATAERR0R,18.0,https://sdvxindex.com/s/1870/5/
Distorted Floor -Boosted-,18.0,https://sdvxindex.com/s/2025/5/
EMERALDAS (Yuta Imai Remix),18.0,https://sdvxindex.com/s/1522/5/
Innocent Azure,18.0,https://sdvxindex.com/s/1712/5/
KIMIDORI Streak!!,18.0,https://sdvxindex.com/s/1250/5/
New Leaf,18.0,https://sdvxindex.com/s/1138/5/
nostos -ark remix-,18.0,https://sdvxindex.com/s/1527/5/
Opium and Purple haze,18.0,https://sdvxindex.com/s/0459/4/
Shera,18.0,https://sdvxindex.com/s/1835/5/
スラッシュ//シスターズ,18.0,https://sdvxindex.com/s/1280/5/
びいすと！,18.0,https://sdvxindex.com/s/1165/5/
ませまてぃっく♡ま＋ま＝まじっく！ ～徹夜の追込みエナジーまっくす！～,18.0,https://sdvxindex.com/s/2006/5/
ユメブキ,18.0,https://sdvxindex.com/s/1807/5/
真っ白な靴,18.0,https://sdvxindex.com/s/1302/4/
腐れ外道とチョコレゐト,18.0,https://sdvxindex.com/s/0104/4/
恋愛♡悪戯！？まじかる☆ぱふゅ～む！！,18.0,https://sdvxindex.com/s/1727/5/
#EmoCloche,18.1,https://sdvxindex.com/s/1515/5/
Believe In Yourself,18.1,https://sdvxindex.com/s/1435/4/
C18H27NO3,18.1,https://sdvxindex.com/s/0228/4/
Crazy Jackpot,18.1,https://sdvxindex.com/s/2056/5/
Enchanté,18.1,https://sdvxindex.com/s/1410/5/
GIGI BABA(brz_style),18.1,https://sdvxindex.com/s/2009/5/
Inevitable Magic,18.1,https://sdvxindex.com/s/2145/5/
Juωpscare!!,18.1,https://sdvxindex.com/s/1934/5/
KINGWORLD,18.1,https://sdvxindex.com/s/2070/5/
Metagame Matador,18.1,https://sdvxindex.com/s/1715/5/
My song,18.1,https://sdvxindex.com/s/2174/5/
OPEN MY GATE,18.1,https://sdvxindex.com/s/1143/5/
OZONE,18.1,https://sdvxindex.com/s/1436/4/
PANIC HOLIC,18.1,https://sdvxindex.com/s/0122/4/
rE:Voltagers,18.1,https://sdvxindex.com/s/1346/4/
Restless Waitress,18.1,https://sdvxindex.com/s/1689/5/
Sakura Reflection (P*Light Slayer Remix),18.1,https://sdvxindex.com/s/0211/4/
SPECIAL SUMMER CAMPAIGN!,18.1,https://sdvxindex.com/s/1850/5/
Star☆Beat,18.1,https://sdvxindex.com/s/1824/5/
SUPER SUMMER SALE,18.1,https://sdvxindex.com/s/1265/5/
The Formula,18.1,https://sdvxindex.com/s/1060/5/
Theme of Ricerca,18.1,https://sdvxindex.com/s/1097/5/
Touch My Body,18.1,https://sdvxindex.com/s/1257/5/
Unicorn tail Dustboxxxx RMX,18.1,https://sdvxindex.com/s/0216/4/
waxing and wanding,18.1,https://sdvxindex.com/s/2169/5/
Xicholauncher,18.1,https://sdvxindex.com/s/1382/5/
アオアラシ,18.1,https://sdvxindex.com/s/1394/5/
ドリームエンド・サバイバー,18.1,https://sdvxindex.com/s/0964/5/
ホイホイ☆幻想ホロイズム,18.1,https://sdvxindex.com/s/1753/5/
マツヨイナイトバグ,18.1,https://sdvxindex.com/s/2031/5/
ミュージックプレイヤー,18.1,https://sdvxindex.com/s/1589/5/
ワールズエンド・ダンスホール,18.1,https://sdvxindex.com/s/1070/5/
過去を喰らう,18.1,https://sdvxindex.com/s/1960/5/
金縛りの逢を,18.1,https://sdvxindex.com/s/0151/4/
幻想のサテライト,18.1,https://sdvxindex.com/s/0091/4/
限界突破リザレクション,18.1,https://sdvxindex.com/s/1747/5/
最終鬼畜妹フランドール・S,18.1,https://sdvxindex.com/s/0180/4/
最小三倍完全数,18.1,https://sdvxindex.com/s/1485/5/
諏訪大信仰,18.1,https://sdvxindex.com/s/1439/5/
天弓天華オトハナビ,18.1,https://sdvxindex.com/s/1820/5/
毒杯スワロウ,18.1,https://sdvxindex.com/s/2167/5/
恋歌疾風！かるたクイーンいろは,18.1,https://sdvxindex.com/s/1053/5/
↓↓↓,18.2,https://sdvxindex.com/s/0793/3/
Ahoy!! 我ら宝鐘海賊団☆,18.2,https://sdvxindex.com/s/2194/5/
apo:llioth,18.2,https://sdvxindex.com/s/1666/5/
Black Lotus,18.2,https://sdvxindex.com/s/1474/5/
C18H27NO3(ryhki remix),18.2,https://sdvxindex.com/s/2002/5/
Crystalia,18.2,https://sdvxindex.com/s/1852/5/
FEEL THE FORCE,18.2,https://sdvxindex.com/s/1682/5/
FIRE IN MY HEART,18.2,https://sdvxindex.com/s/1084/5/
FLOWER,18.2,https://sdvxindex.com/s/0704/3/
GAIA,18.2,https://sdvxindex.com/s/1325/5/
Grand-Guignol,18.2,https://sdvxindex.com/s/1040/5/
Growth Memories,18.2,https://sdvxindex.com/s/0525/3/
Halloween Is Chaos,18.2,https://sdvxindex.com/s/1822/5/
Invitation from Mr.C,18.2,https://sdvxindex.com/s/0632/3/
Lunatic Mare,18.2,https://sdvxindex.com/s/2115/5/
Memory Flow,18.2,https://sdvxindex.com/s/1693/5/
Never Forget Evergreen,18.2,https://sdvxindex.com/s/1975/5/
New Decade,18.2,https://sdvxindex.com/s/1640/5/
Redshift,18.2,https://sdvxindex.com/s/1258/5/
Renegade Fruits,18.2,https://sdvxindex.com/s/0830/4/
Sudden Visitor,18.2,https://sdvxindex.com/s/1466/5/
Thank you for your playing music,18.2,https://sdvxindex.com/s/1598/5/
Triple Counter,18.2,https://sdvxindex.com/s/0922/4/
Twinkle Rookie,18.2,https://sdvxindex.com/s/1780/5/
Valkyrja ~Aldrlag~,18.2,https://sdvxindex.com/s/1603/5/
WARNING×WARNING×WARNING,18.2,https://sdvxindex.com/s/1652/5/
We Are All The Dreamer,18.2,https://sdvxindex.com/s/2129/5/
おはようからおやすみまでかまってポメポメ,18.2,https://sdvxindex.com/s/1566/4/
お米の美味しい炊き方、そしてお米を食べることによるその効果。,18.2,https://sdvxindex.com/s/1321/5/
セイクリッド ルイン,18.2,https://sdvxindex.com/s/1120/5/
トキノコエト,18.2,https://sdvxindex.com/s/2153/5/
ミッドナイト☆WAR,18.2,https://sdvxindex.com/s/1481/5/
メズマライザー,18.2,https://sdvxindex.com/s/2215/5/
狂水一華,18.2,https://sdvxindex.com/s/1625/5/
月光乱舞,18.2,https://sdvxindex.com/s/0709/3/
絶対零度,18.2,https://sdvxindex.com/s/0925/3/
冥 Rockin' SWING REMIX,18.2,https://sdvxindex.com/s/0036/4/
藍の華,18.2,https://sdvxindex.com/s/1741/5/
∞vitUniverse,18.3,https://sdvxindex.com/s/2111/5/
Amazing Mirage,18.3,https://sdvxindex.com/s/1967/5/
Appliqué(Vocal Remix),18.3,https://sdvxindex.com/s/2001/5/
BEAST BASS BOMB,18.3,https://sdvxindex.com/s/1140/5/
Boss Rush,18.3,https://sdvxindex.com/s/1052/5/
Butterfly Twist,18.3,https://sdvxindex.com/s/1499/5/
Caldwell 99,18.3,https://sdvxindex.com/s/2120/5/
Catch Our Fire!,18.3,https://sdvxindex.com/s/1334/5/
Crawl Out Immortal,18.3,https://sdvxindex.com/s/2131/5/
crossing blue,18.3,https://sdvxindex.com/s/1191/5/
Deep tenDon Reflex,18.3,https://sdvxindex.com/s/2163/5/
Evans,18.3,https://sdvxindex.com/s/1225/5/
For All The Challengers,18.3,https://sdvxindex.com/s/1971/5/
GOODTEK,18.3,https://sdvxindex.com/s/1868/5/
HeaveИ's Rain,18.3,https://sdvxindex.com/s/2038/3/
"Hello, Hologram",18.3,https://sdvxindex.com/s/2028/5/
IKAROS DYNAMITE!!!!,18.3,https://sdvxindex.com/s/0818/3/
Knew Order,18.3,https://sdvxindex.com/s/2121/5/
Kool Awesome Croon,18.3,https://sdvxindex.com/s/2098/5/
Le Fruit Défendu,18.3,https://sdvxindex.com/s/0612/4/
Lost Parliament,18.3,https://sdvxindex.com/s/1901/5/
MAYHEM,18.3,https://sdvxindex.com/s/1660/3/
party:stage,18.3,https://sdvxindex.com/s/1701/5/
Re:RHYZE,18.3,https://sdvxindex.com/s/2181/5/
reSTART yOUR STORIES,18.3,https://sdvxindex.com/s/2110/5/
SHARK IMPACT,18.3,https://sdvxindex.com/s/2045/5/
STIGMA,18.3,https://sdvxindex.com/s/1898/5/
Taiko Drum Monster,18.3,https://sdvxindex.com/s/1328/5/
Tickled Pink,18.3,https://sdvxindex.com/s/1846/5/
Typhoon Craaash!!,18.3,https://sdvxindex.com/s/1348/4/
Ultimate Ascension,18.3,https://sdvxindex.com/s/0718/3/
V!LLA!N,18.3,https://sdvxindex.com/s/2135/5/
VILE CAT,18.3,https://sdvxindex.com/s/0450/3/
We Are GamerZ!,18.3,https://sdvxindex.com/s/2118/5/
WHITEOUT,18.3,https://sdvxindex.com/s/1100/3/
ねこみみ(=ФωФ=)ぱんでみみっく,18.3,https://sdvxindex.com/s/1433/4/
のぼれ八坂坂！,18.3,https://sdvxindex.com/s/1094/5/
ファイナルレター,18.3,https://sdvxindex.com/s/1193/5/
プナイプナイたいそう,18.3,https://sdvxindex.com/s/1735/5/
フリコドウル,18.3,https://sdvxindex.com/s/1872/5/
マサカリブレイド,18.3,https://sdvxindex.com/s/0708/3/
一水山風,18.3,https://sdvxindex.com/s/2094/5/
怪盗Ｆの台本～消えたダイヤの謎～,18.3,https://sdvxindex.com/s/1130/5/
月々紅花,18.3,https://sdvxindex.com/s/1560/4/
侍Annihilate!!,18.3,https://sdvxindex.com/s/0795/3/
七七七夕,18.3,https://sdvxindex.com/s/2103/5/
世界はネコのもの,18.3,https://sdvxindex.com/s/0044/4/
儚キ戀ノ幻想譚,18.3,https://sdvxindex.com/s/1979/5/
ΑΩ,18.3,https://sdvxindex.com/s/0692/3/
ΣgØ,18.3,https://sdvxindex.com/s/1462/3/
ΣMERGENCY CODΣ,18.3,https://sdvxindex.com/s/2047/5/
Φnd:you,18.3,https://sdvxindex.com/s/1602/5/
Яe's NoVǢ,18.3,https://sdvxindex.com/s/1202/5/
#Endroll,18.4,https://sdvxindex.com/s/0809/3/
#Namescapes,18.4,https://sdvxindex.com/s/1728/5/
†渚の小悪魔ラヴリィ～レイディオ†,18.4,https://sdvxindex.com/s/1333/5/
AIM HIGHER,18.4,https://sdvxindex.com/s/1776/5/
B.B.K.K.B.K.K. (USAO Remix),18.4,https://sdvxindex.com/s/2210/5/
birth,18.4,https://sdvxindex.com/s/2051/5/
BLACK or WHITE?,18.4,https://sdvxindex.com/s/0374/3/
Chat perché,18.4,https://sdvxindex.com/s/1952/5/
Cloud Crasher,18.4,https://sdvxindex.com/s/1309/4/
Destined Marionette,18.4,https://sdvxindex.com/s/1477/5/
Destiny,18.4,https://sdvxindex.com/s/1368/5/
Di-Da-De-Doo,18.4,https://sdvxindex.com/s/2142/5/
EGOISM 440 (Ange;art remix),18.4,https://sdvxindex.com/s/1517/5/
Electric Injury,18.4,https://sdvxindex.com/s/1558/4/
Foolish Hero,18.4,https://sdvxindex.com/s/0239/4/
Ghost Trigger,18.4,https://sdvxindex.com/s/1009/5/
Glitter Flatter Scatter,18.4,https://sdvxindex.com/s/1121/5/
Grandeur,18.4,https://sdvxindex.com/s/1896/5/
I,18.4,https://sdvxindex.com/s/1185/3/
Innocent,18.4,https://sdvxindex.com/s/1607/5/
KAMAITACHI,18.4,https://sdvxindex.com/s/1964/5/
L9,18.4,https://sdvxindex.com/s/1480/5/
Leviathan,18.4,https://sdvxindex.com/s/1632/5/
Liar rain,18.4,https://sdvxindex.com/s/1347/4/
m1dy Deluxe,18.4,https://sdvxindex.com/s/1631/5/
Midnight City Warfare,18.4,https://sdvxindex.com/s/1332/5/
MiRÀi,18.4,https://sdvxindex.com/s/2108/5/
Nhelv,18.4,https://sdvxindex.com/s/1475/5/
Ops:Code-Rapture-,18.4,https://sdvxindex.com/s/0652/3/
"PANIC HOLIC (かめりあ's ""24600 POWER"" Remix)",18.4,https://sdvxindex.com/s/1989/5/
PHOTON BLAXT,18.4,https://sdvxindex.com/s/1787/5/
Poochie,18.4,https://sdvxindex.com/s/2055/5/
ROZELCIA,18.4,https://sdvxindex.com/s/1781/5/
Sacrifice and Faith,18.4,https://sdvxindex.com/s/1180/5/
SACRIFICE feat. ayame,18.4,https://sdvxindex.com/s/1072/5/
Scarlet Pinheel -appassionato-,18.4,https://sdvxindex.com/s/1988/5/
SHARK ATTACK,18.4,https://sdvxindex.com/s/1791/5/
Souhait bleu,18.4,https://sdvxindex.com/s/1713/5/
Spirit of the Beast,18.4,https://sdvxindex.com/s/1035/5/
stellar rain,18.4,https://sdvxindex.com/s/2063/5/
THE PEERLESS UNDER HEAVEN,18.4,https://sdvxindex.com/s/2064/5/
Two of Wonder Lights,18.4,https://sdvxindex.com/s/2159/5/
VALLIS-NERIA,18.4,https://sdvxindex.com/s/0271/3/
VVelcome!!,18.4,https://sdvxindex.com/s/1584/3/
XROSS THE XOUL,18.4,https://sdvxindex.com/s/0831/4/
XyHATTE,18.4,https://sdvxindex.com/s/0695/3/
ウイジン,18.4,https://sdvxindex.com/s/2160/5/
スカーレット警察のゲットーパトロール24時,18.4,https://sdvxindex.com/s/1819/5/
トマヨイ,18.4,https://sdvxindex.com/s/1550/4/
ミュージックプレイヤー （J-pop Remix）,18.4,https://sdvxindex.com/s/1994/5/
メイビ～初恋！？ビスケット☆大作戦,18.4,https://sdvxindex.com/s/1166/5/
リュミレイラ,18.4,https://sdvxindex.com/s/2049/5/
孤独の番人,18.4,https://sdvxindex.com/s/0173/4/
蛇神,18.4,https://sdvxindex.com/s/1503/5/
灼ナル刃、破カヰ譜,18.4,https://sdvxindex.com/s/1957/5/
十三不塔,18.4,https://sdvxindex.com/s/2048/5/
消失(Hommarju Remix),18.4,https://sdvxindex.com/s/1066/5/
上海紅茶館 ～ Chinese Tea Orchid Remix,18.4,https://sdvxindex.com/s/0304/4/
爆烈歓迎♪エクストリーム飲茶旋風脚ッ!!,18.4,https://sdvxindex.com/s/1684/5/
幽霊船戦,18.4,https://sdvxindex.com/s/2197/5/
ΣmbryØ,18.4,https://sdvxindex.com/s/1362/3/
～仔羊のナヴァラン・クリシェを添えて～,18.5,https://sdvxindex.com/s/1832/5/
666,18.5,https://sdvxindex.com/s/1580/3/
APØCALYPSE RAY,18.5,https://sdvxindex.com/s/2037/3/
ARACHNE,18.5,https://sdvxindex.com/s/2054/5/
Ars Magna,18.5,https://sdvxindex.com/s/2146/5/
Bangin' Burst,18.5,https://sdvxindex.com/s/0366/3/
Barbatos,18.5,https://sdvxindex.com/s/1380/5/
Bl∞min',18.5,https://sdvxindex.com/s/1889/3/
Blφφdy Cφncertφ,18.5,https://sdvxindex.com/s/2179/5/
CHOVERY GOOSE!!!,18.5,https://sdvxindex.com/s/2134/5/
Cumulonimbus,18.5,https://sdvxindex.com/s/2112/5/
Demise Quartet,18.5,https://sdvxindex.com/s/0810/3/
Destr0yer,18.5,https://sdvxindex.com/s/1647/5/
Dogeza Stairs,18.5,https://sdvxindex.com/s/1437/5/
Double or Nothing,18.5,https://sdvxindex.com/s/2130/5/
ECHIDNA,18.5,https://sdvxindex.com/s/1261/5/
Enter The Rave,18.5,https://sdvxindex.com/s/2043/5/
Firestorm,18.5,https://sdvxindex.com/s/0551/3/
FLOOR INFECTION Medley from SOUND VOLTEX×jubeat,18.5,https://sdvxindex.com/s/1059/5/
GALAXY BURST,18.5,https://sdvxindex.com/s/1298/5/
Gorgetech,18.5,https://sdvxindex.com/s/0982/5/
HP:1,18.5,https://sdvxindex.com/s/0995/5/
Imperator,18.5,https://sdvxindex.com/s/1797/5/
Juggler's Maddness,18.5,https://sdvxindex.com/s/1106/5/
Kontrol Line,18.5,https://sdvxindex.com/s/1742/5/
Lachryma《Re:Queen'M》,18.5,https://sdvxindex.com/s/0791/3/
LOVE TONIC,18.5,https://sdvxindex.com/s/2144/5/
Max Burning!!,18.5,https://sdvxindex.com/s/0126/4/
MODEL FT4,18.5,https://sdvxindex.com/s/1335/5/
neu BSP style,18.5,https://sdvxindex.com/s/0037/4/
Nexta,18.5,https://sdvxindex.com/s/0825/4/
Nostalgic Blood of the Strife,18.5,https://sdvxindex.com/s/1244/5/
NOT YOUR IDOL,18.5,https://sdvxindex.com/s/1795/5/
OROCHI STRIKE,18.5,https://sdvxindex.com/s/2178/5/
ØverwriteTheCatastrophe,18.5,https://sdvxindex.com/s/2109/5/
Please Welcome Mr.C,18.5,https://sdvxindex.com/s/1968/5/
POLICY BREAK Medley from SOUND VOLTEX×jubeat,18.5,https://sdvxindex.com/s/1058/5/
REVOLVER,18.5,https://sdvxindex.com/s/0816/3/
Sky High,18.5,https://sdvxindex.com/s/1174/5/
SociuS,18.5,https://sdvxindex.com/s/1385/5/
Test Flight,18.5,https://sdvxindex.com/s/1843/5/
ULTiMATE INFLATiON,18.5,https://sdvxindex.com/s/1107/5/
ULTRAVELOCITY,18.5,https://sdvxindex.com/s/1367/5/
veRtrageS,18.5,https://sdvxindex.com/s/0610/3/
Vividly Impromptu,18.5,https://sdvxindex.com/s/1397/5/
werewolf howls.,18.5,https://sdvxindex.com/s/0418/3/
アイの雫,18.5,https://sdvxindex.com/s/2096/5/
アガット,18.5,https://sdvxindex.com/s/1885/5/
アルティメットトゥルース -Phantasm-,18.5,https://sdvxindex.com/s/0720/3/
いまきみに,18.5,https://sdvxindex.com/s/1888/3/
ヴァルプルギスの夜,18.5,https://sdvxindex.com/s/1976/5/
オニユリ,18.5,https://sdvxindex.com/s/1277/5/
こちら、幸福安心委員会です。,18.5,https://sdvxindex.com/s/0158/4/
こどもかくしのアンダーランド,18.5,https://sdvxindex.com/s/2091/5/
タイムトラベル,18.5,https://sdvxindex.com/s/1434/4/
パーフェクトイーター,18.5,https://sdvxindex.com/s/2059/5/
永遠に幸せになる方法、見つけました。,18.5,https://sdvxindex.com/s/0947/5/
火狐之舞,18.5,https://sdvxindex.com/s/1777/5/
壊Rave*it!! 壊Rave*it!!,18.5,https://sdvxindex.com/s/0889/5/
極圏,18.5,https://sdvxindex.com/s/0927/3/
群青纏う朱の槍,18.5,https://sdvxindex.com/s/2133/5/
少年リップルズ,18.5,https://sdvxindex.com/s/1883/5/
憧憬のファンファーレ,18.5,https://sdvxindex.com/s/2089/5/
αρχη,18.5,https://sdvxindex.com/s/1614/5/
#Fairy_dancing_in_lake,18.6,https://sdvxindex.com/s/0299/4/
Absurd Gaff,18.6,https://sdvxindex.com/s/0117/4/
Archangelio,18.6,https://sdvxindex.com/s/1708/5/
ARROW RAIN feat. ayame,18.6,https://sdvxindex.com/s/1289/5/
Break Through Δpex,18.6,https://sdvxindex.com/s/2143/5/
Broken 8cmix,18.6,https://sdvxindex.com/s/0002/4/
CadenzaMaiden,18.6,https://sdvxindex.com/s/1930/5/
Call of the World,18.6,https://sdvxindex.com/s/1379/5/
CODE -CRiMSON-,18.6,https://sdvxindex.com/s/0542/4/
Crack Traxxxx (108x3 BPM Remix),18.6,https://sdvxindex.com/s/2011/5/
croiX,18.6,https://sdvxindex.com/s/0124/4/
Dreadnought,18.6,https://sdvxindex.com/s/0931/5/
End to end,18.6,https://sdvxindex.com/s/0789/3/
Everything B.K.,18.6,https://sdvxindex.com/s/2212/5/
FAR GONE,18.6,https://sdvxindex.com/s/1680/5/
Fl0ating:,18.6,https://sdvxindex.com/s/1953/5/
FLOWER REDALiCE Remix,18.6,https://sdvxindex.com/s/0047/4/
FLügeL《Λrp:ΣggyØ》,18.6,https://sdvxindex.com/s/0915/3/
For UltraPlayers,18.6,https://sdvxindex.com/s/0367/3/
"gigadelic (かめりあ's ""The TERA"" RMX)",18.6,https://sdvxindex.com/s/0499/3/
graduation,18.6,https://sdvxindex.com/s/1745/5/
HEAVEN KNOWS,18.6,https://sdvxindex.com/s/2099/5/
Hellfire,18.6,https://sdvxindex.com/s/0364/4/
Katharsis,18.6,https://sdvxindex.com/s/1585/5/
Khionos TiARA,18.6,https://sdvxindex.com/s/1037/5/
LECTORIA,18.6,https://sdvxindex.com/s/1459/5/
LegenD.,18.6,https://sdvxindex.com/s/0634/3/
Line markeR,18.6,https://sdvxindex.com/s/2116/5/
Little Red Riding Hood,18.6,https://sdvxindex.com/s/1977/5/
MeteorA,18.6,https://sdvxindex.com/s/1619/5/
Onigo,18.6,https://sdvxindex.com/s/0063/4/
Over The Top,18.6,https://sdvxindex.com/s/1554/4/
ØƵ,18.6,https://sdvxindex.com/s/1800/5/
Paradigm Shift,18.6,https://sdvxindex.com/s/1944/5/
PUPA,18.6,https://sdvxindex.com/s/1096/5/
Re：Elemental Creation,18.6,https://sdvxindex.com/s/1521/5/
Refrain,18.6,https://sdvxindex.com/s/1829/5/
SAtAN,18.6,https://sdvxindex.com/s/1190/5/
Sayonara Planet Wars,18.6,https://sdvxindex.com/s/0642/3/
She is my wife すーぱーアイドル☆ミツル子Remixちゃん,18.6,https://sdvxindex.com/s/0213/4/
Sweetie Beauti Magic,18.6,https://sdvxindex.com/s/2155/5/
SΛMVICΛ,18.6,https://sdvxindex.com/s/2148/5/
TOKAKU=ALMiRAJ,18.6,https://sdvxindex.com/s/2079/5/
Unleashed Redness,18.6,https://sdvxindex.com/s/1699/5/
V,18.6,https://sdvxindex.com/s/1349/5/
X1GNUS,18.6,https://sdvxindex.com/s/1969/5/
イグジスター,18.6,https://sdvxindex.com/s/2139/5/
イグノアザーズ,18.6,https://sdvxindex.com/s/1950/5/
ドーパミン,18.6,https://sdvxindex.com/s/0717/3/
ばらんが!!!!,18.6,https://sdvxindex.com/s/1535/5/
異次元の孤独～カナタノキミヘ～,18.6,https://sdvxindex.com/s/2147/5/
混乱少女♥そふらんちゃん!!,18.6,https://sdvxindex.com/s/0653/3/
最果ての勇者にラブソングを,18.6,https://sdvxindex.com/s/1955/5/
灼熱Beach Side Bunny,18.6,https://sdvxindex.com/s/0698/3/
祝福の色彩は想い結ぶ君たち迄,18.6,https://sdvxindex.com/s/1366/5/
消失,18.6,https://sdvxindex.com/s/0697/3/
大宇宙ステージ奈落変,18.6,https://sdvxindex.com/s/2004/5/
超☆超☆光☆速☆出☆前☆最☆速!!! スピード★スター★かなで,18.6,https://sdvxindex.com/s/1038/5/
緋色月下、狂咲ノ絶 (nayuta 2017 ver),18.6,https://sdvxindex.com/s/1651/5/
禊,18.6,https://sdvxindex.com/s/1980/5/
《Re:miniscence》,18.7,https://sdvxindex.com/s/1811/3/
*Feels Seasickness...*,18.7,https://sdvxindex.com/s/1361/3/
Blastix Riotz,18.7,https://sdvxindex.com/s/0693/3/
D.I.X.,18.7,https://sdvxindex.com/s/1936/5/
Don't you dare play GOD,18.7,https://sdvxindex.com/s/2087/3/
ENDGAME,18.7,https://sdvxindex.com/s/1948/5/
FIN4LE ～終止線の彼方へ～,18.7,https://sdvxindex.com/s/1099/3/
Gate of Atlantis,18.7,https://sdvxindex.com/s/1215/5/
HAELE III ~Angel Worlds~,18.7,https://sdvxindex.com/s/0715/4/
HAVOX,18.7,https://sdvxindex.com/s/0679/3/
Ice Fortress,18.7,https://sdvxindex.com/s/1956/5/
Idola,18.7,https://sdvxindex.com/s/0444/4/
Imitated Visions,18.7,https://sdvxindex.com/s/2090/5/
INF-B《L-aste-R》,18.7,https://sdvxindex.com/s/0532/3/
Macuilxochitl (Latin Jazz Mix),18.7,https://sdvxindex.com/s/1525/5/
Mirrorwall,18.7,https://sdvxindex.com/s/1108/5/
MixxioN,18.7,https://sdvxindex.com/s/1767/3/
MΔX FLAVØR,18.7,https://sdvxindex.com/s/2149/5/
NEMSYS ARENA World Hexathlon,18.7,https://sdvxindex.com/s/2152/3/
ON THE WORLD,18.7,https://sdvxindex.com/s/2137/5/
pique,18.7,https://sdvxindex.com/s/1500/5/
Re：End of a Dream,18.7,https://sdvxindex.com/s/1222/5/
SAMURAI TIGER,18.7,https://sdvxindex.com/s/1587/5/
SuperMiracleEnsemble,18.7,https://sdvxindex.com/s/1722/5/
The world of sound,18.7,https://sdvxindex.com/s/0166/4/
Turn the story,18.7,https://sdvxindex.com/s/1374/5/
Übertreffen,18.7,https://sdvxindex.com/s/1502/5/
V.I.P.,18.7,https://sdvxindex.com/s/0109/4/
Voice 7 Voice!!!!!!!,18.7,https://sdvxindex.com/s/1992/5/
Wish upon Twin Stars,18.7,https://sdvxindex.com/s/0540/4/
XHRONOXAPSULΞ,18.7,https://sdvxindex.com/s/1766/3/
You Are My Best RivaL!!,18.7,https://sdvxindex.com/s/1902/3/
アンチグラビティ・ガール,18.7,https://sdvxindex.com/s/2067/5/
ゔぉるみっくす!!!!,18.7,https://sdvxindex.com/s/1841/5/
きたさいたま2000,18.7,https://sdvxindex.com/s/0706/3/
サイコパスラビット,18.7,https://sdvxindex.com/s/1276/5/
ちくわパフェだよ☆ＣＫＰ,18.7,https://sdvxindex.com/s/0711/4/
トリコエリヌム▽コンチェルト,18.7,https://sdvxindex.com/s/2132/5/
ぼくらのはじまりのおと,18.7,https://sdvxindex.com/s/2113/5/
蝕,18.7,https://sdvxindex.com/s/1778/5/
世界の果てに約束の凱歌を -VOLTEX Mix-,18.7,https://sdvxindex.com/s/1668/5/
魔理沙は大変なものを盗んでいきました,18.7,https://sdvxindex.com/s/0128/4/
Λkasha,18.7,https://sdvxindex.com/s/2085/3/
ΛNXIENT:LEGΛXIEZ,18.7,https://sdvxindex.com/s/2117/5/
{ eXLIPXe },18.8,https://sdvxindex.com/s/2161/3/
All for One,18.8,https://sdvxindex.com/s/1774/5/
Black Emperor,18.8,https://sdvxindex.com/s/0360/3/
Chant du Cygne,18.8,https://sdvxindex.com/s/0650/4/
Concertino in Blue,18.8,https://sdvxindex.com/s/1098/5/
crazy cinema story,18.8,https://sdvxindex.com/s/0332/4/
Divine's:Bugscript,18.8,https://sdvxindex.com/s/1201/5/
Doppelganger,18.8,https://sdvxindex.com/s/1062/5/
GERBERA,18.8,https://sdvxindex.com/s/1117/5/
JUNKIE FLAVOR,18.8,https://sdvxindex.com/s/1024/5/
Last Concerto,18.8,https://sdvxindex.com/s/0363/4/
Legendary Road,18.8,https://sdvxindex.com/s/1043/5/
MG277,18.8,https://sdvxindex.com/s/0807/3/
MURASAME,18.8,https://sdvxindex.com/s/1949/5/
Quaint Echo,18.8,https://sdvxindex.com/s/0805/3/
refluxio,18.8,https://sdvxindex.com/s/1779/5/
Scat Jazz Dance,18.8,https://sdvxindex.com/s/1958/5/
suspicions,18.8,https://sdvxindex.com/s/2065/5/
WINNING ROAD,18.8,https://sdvxindex.com/s/1943/5/
XHAOS JUDGE,18.8,https://sdvxindex.com/s/0654/3/
Xronièr,18.8,https://sdvxindex.com/s/1270/3/
ZEИITH,18.8,https://sdvxindex.com/s/1586/5/
ツマミ戦隊 タテレンジャー,18.8,https://sdvxindex.com/s/1396/5/
び,18.8,https://sdvxindex.com/s/1389/5/
ムーニャポヨポヨスッポコニャーゴ,18.8,https://sdvxindex.com/s/0333/4/
永久の粒虹,18.8,https://sdvxindex.com/s/2107/5/
花火のおもちゃ箱,18.8,https://sdvxindex.com/s/2138/5/
光風霽月,18.8,https://sdvxindex.com/s/1899/5/
準備運動,18.8,https://sdvxindex.com/s/1018/5/
神罰,18.8,https://sdvxindex.com/s/1784/5/
超越してしまった彼女と其を生み落した理由,18.8,https://sdvxindex.com/s/0365/4/
忘れないように、失くさないように,18.8,https://sdvxindex.com/s/2044/5/
ΩVERSOUL,18.8,https://sdvxindex.com/s/1049/5/
НУМЛ,18.8,https://sdvxindex.com/s/1152/5/
Яe:son D'être,18.8,https://sdvxindex.com/s/1594/5/
"* Erm, could it be a Spatiotemporal ShockWAVE Syndrome...?",18.9,https://sdvxindex.com/s/1495/3/
Aerial Fortress,18.9,https://sdvxindex.com/s/1461/5/
trea→journey,18.9,https://sdvxindex.com/s/1954/5/
Venomous Firefly,18.9,https://sdvxindex.com/s/1240/5/
Verflucht,18.9,https://sdvxindex.com/s/1738/5/
World's end,18.9,https://sdvxindex.com/s/0635/3/
キュリオシティ,18.9,https://sdvxindex.com/s/0965/5/
すべてを賭して,18.9,https://sdvxindex.com/s/2092/5/
神話に芽吹く,18.9,https://sdvxindex.com/s/1186/5/
Prayer,18.3,https://sdvxindex.com/s/0803/3/
ララララビット!!,17.0,https://sdvxindex.com/s/2207/5/
回想音楽 - Thank you for your playing music,17.0,https://sdvxindex.com/s/2018/5/
神威,17.0,https://sdvxindex.com/s/2229/3/
千歳に泡影,17.0,https://sdvxindex.com/s/2274/5/
// If Summer Ever Comes_,17.5,https://sdvxindex.com/s/2254/3/
Ardenok,17.5,https://sdvxindex.com/s/2202/3/
Gryphone,17.5,https://sdvxindex.com/s/2226/3/
ØVER《Δ》,17.5,https://sdvxindex.com/s/2255/3/
REDO the NIGHT,17.5,https://sdvxindex.com/s/1300/4g/
She Turns Me On,17.5,https://sdvxindex.com/s/1282/4g/
Titanomachia,17.5,https://sdvxindex.com/s/2201/3/
What's up? Pop!,17.5,https://sdvxindex.com/s/2230/3/
Who then no 灯,17.5,https://sdvxindex.com/s/2227/3/
いいわけバニ-,17.5,https://sdvxindex.com/s/2205/5/
オムニシエント・ゼロ,17.5,https://sdvxindex.com/s/2256/3/
黒蝶のワルツ,17.5,https://sdvxindex.com/s/2225/3/
初音ミクの暴走,17.5,https://sdvxindex.com/s/0696/3/
最強女神†ウ-サペコラ,18.0,https://sdvxindex.com/s/2208/5/
Lost Gear Syndrome,18.1,https://sdvxindex.com/s/2282/5/
全人類 兎化計画!,18.1,https://sdvxindex.com/s/2206/5/
BabeL ~Next Story~,18.2,https://sdvxindex.com/s/0282/3/
Dynasty -dal segno-,18.2,https://sdvxindex.com/s/2023/5/
Pure Evil (Kobaryo FTN-Remix),18.2,https://sdvxindex.com/s/0507/3/
テレパシ,18.2,https://sdvxindex.com/s/2228/5/
香港功夫大旋風,18.2,https://sdvxindex.com/s/0060/4g/
恋はどう?モロ◎波動OK☆方程式!!,18.2,https://sdvxindex.com/s/0315/4x/
caramel ribbon (Tatsunoshin Remix),18.3,https://sdvxindex.com/s/1999/5/
Ganymede kamome mix,18.3,https://sdvxindex.com/s/0073/3/
I'm so Happy,18.3,https://sdvxindex.com/s/0272/4x/
Lollipop Error 404,18.3,https://sdvxindex.com/s/2257/5/
Shanghai Wu Long ~上海舞龍~,18.3,https://sdvxindex.com/s/0595/3/
カミツレの成り方,18.3,https://sdvxindex.com/s/2258/5/
ヒュブリスの頂に聳えるのは,18.3,https://sdvxindex.com/s/2176/5/
Jupiter,18.4,https://sdvxindex.com/s/2203/5/
Golden Rotation,18.5,https://sdvxindex.com/s/2200/5/
KINGDOM COME,18.6,https://sdvxindex.com/s/2253/3/
Our garden is blue.,18.6,https://sdvxindex.com/s/2198/3/
流転に咲く魂の花,18.7,https://sdvxindex.com/s/2204/5/
Grαnd Arχitect,18.8,https://sdvxindex.com/s/2259/5/
神凪,18.8,https://sdvxindex.com/s/2199/3/